{"cameraMode":{"drawMode":0,"name":"Shaded","section":"Shading Mode"},"sceneLighting":false,"audioPlay":false,"sceneViewState":{"m_AlwaysRefresh":false,"showFog":true,"showSkybox":false,"showFlares":true,"showImageEffects":true,"showParticleSystems":true,"showVisualEffectGraphs":true,"m_FxEnabled":true},"in2DMode":false,"pivot":{"x":0.13890771567821504,"y":-0.11135533452033997,"z":0.06579281389713288},"rotation":{"x":0.322110652923584,"y":0.4495755434036255,"z":-0.1778849959373474,"w":0.8139585256576538},"size":0.16038313508033753,"orthographic":false}